{"cameraMode":{"drawMode":0,"name":"Shaded","section":"Shading Mode"},"sceneLighting":false,"audioPlay":false,"sceneViewState":{"showFog":true,"showMaterialUpdate":false,"showSkybox":false,"showFlares":true,"showImageEffects":true,"showParticleSystems":true},"in2DMode":false,"pivot":{"x":0.08275413513183594,"y":4.988570213317871,"z":0.7915763854980469},"rotation":{"x":0.054611314088106158,"y":-0.5612781643867493,"z":0.032351303845644,"w":0.8271239399909973},"size":54.545108795166019,"orthographic":false}