{"cameraMode":{"drawMode":0,"name":"Shaded","section":"Shading Mode"},"sceneLighting":false,"audioPlay":false,"sceneViewState":{"showFog":true,"showMaterialUpdate":false,"showSkybox":false,"showFlares":true,"showImageEffects":true,"showParticleSystems":true},"in2DMode":false,"pivot":{"x":-0.12787151336669923,"y":6.23609733581543,"z":1.1077637672424317},"rotation":{"x":-0.08889801800251007,"y":0.3217281997203827,"z":0.026555107906460763,"w":0.9439569115638733},"size":37.476993560791019,"orthographic":false}