{"cameraMode":{"drawMode":0,"name":"Shaded","section":"Shading Mode"},"sceneLighting":false,"audioPlay":false,"sceneViewState":{"showFog":true,"showMaterialUpdate":false,"showSkybox":false,"showFlares":true,"showImageEffects":true,"showParticleSystems":true},"in2DMode":false,"pivot":{"x":0.5665035247802734,"y":5.271505832672119,"z":0.7915916442871094},"rotation":{"x":0.000809926597867161,"y":0.9962481260299683,"z":-0.08443191647529602,"w":0.05940043181180954},"size":78.68682098388672,"orthographic":false}