{"cameraMode":{"drawMode":0,"name":"Shaded","section":"Shading Mode"},"sceneLighting":false,"audioPlay":false,"sceneViewState":{"showFog":true,"showMaterialUpdate":false,"showSkybox":true,"showFlares":true,"showImageEffects":true,"showParticleSystems":true},"in2DMode":false,"pivot":{"x":9.134687423706055,"y":2.0667810440063478,"z":5.366213321685791},"rotation":{"x":-0.055311284959316257,"y":0.9360828995704651,"z":-0.1296423375606537,"w":-0.3241698145866394},"size":1.63638174533844,"orthographic":false}