{"cameraMode":{"drawMode":0,"name":"Shaded","section":"Shading Mode"},"sceneLighting":false,"audioPlay":false,"sceneViewState":{"showFog":true,"showMaterialUpdate":false,"showSkybox":true,"showFlares":true,"showImageEffects":true,"showParticleSystems":true},"in2DMode":false,"pivot":{"x":107.8573226928711,"y":12.031452178955079,"z":-123.02310180664063},"rotation":{"x":0.2282058298587799,"y":-0.30032262206077578,"z":0.06723268330097199,"w":0.9242399334907532},"size":5.7774434089660648,"orthographic":false}