{"cameraMode":{"drawMode":0,"name":"Shaded","section":"Shading Mode"},"sceneLighting":false,"audioPlay":false,"sceneViewState":{"showFog":true,"showMaterialUpdate":false,"showSkybox":false,"showFlares":true,"showImageEffects":true,"showParticleSystems":true},"in2DMode":false,"pivot":{"x":0.8124608993530273,"y":2.448904514312744,"z":0.7915916442871094},"rotation":{"x":0.10134820640087128,"y":0.828959047794342,"z":-0.16937221586704255,"w":0.5263851284980774},"size":30.480512619018556,"orthographic":false}