{"cameraMode":{"drawMode":0,"name":"Shaded","section":"Shading Mode"},"sceneLighting":false,"audioPlay":false,"sceneViewState":{"showFog":true,"showMaterialUpdate":false,"showSkybox":false,"showFlares":true,"showImageEffects":true,"showParticleSystems":true},"in2DMode":false,"pivot":{"x":-16.834821701049806,"y":-4.849079132080078,"z":-18.16447639465332},"rotation":{"x":-0.06361300498247147,"y":0.9241133332252502,"z":-0.16165052354335786,"w":-0.3449668884277344},"size":49.54093551635742,"orthographic":false}