{"cameraMode":{"drawMode":0,"name":"Shaded","section":"Shading Mode"},"sceneLighting":false,"audioPlay":false,"sceneViewState":{"showFog":true,"showMaterialUpdate":false,"showSkybox":false,"showFlares":true,"showImageEffects":true,"showParticleSystems":true},"in2DMode":false,"pivot":{"x":0.00000476837158203125,"y":3.468174934387207,"z":-0.0000057220458984375},"rotation":{"x":0.027227982878684999,"y":0.9472723603248596,"z":-0.0955614373087883,"w":0.3098568022251129},"size":49.110069274902347,"orthographic":false}