{"cameraMode":{"drawMode":0,"name":"Shaded","section":"Shading Mode"},"sceneLighting":false,"audioPlay":false,"sceneViewState":{"showFog":true,"showMaterialUpdate":false,"showSkybox":false,"showFlares":true,"showImageEffects":true,"showParticleSystems":true},"in2DMode":false,"pivot":{"x":0.02024983987212181,"y":0.7104164361953735,"z":-0.7575852870941162},"rotation":{"x":0.055197861045598987,"y":-0.9490435719490051,"z":0.2522681951522827,"w":0.18327227234840394},"size":4.698795318603516,"orthographic":false}