{"cameraMode":{"drawMode":0,"name":"Shaded","section":"Shading Mode"},"sceneLighting":false,"audioPlay":false,"sceneViewState":{"showFog":true,"showMaterialUpdate":false,"showSkybox":true,"showFlares":true,"showImageEffects":true,"showParticleSystems":true},"in2DMode":false,"pivot":{"x":17.28754234313965,"y":3.0523433685302736,"z":-59.53470993041992},"rotation":{"x":-0.16445064544677735,"y":0.03393468260765076,"z":0.0007534333853982389,"w":-0.9862971901893616},"size":1.2774428129196168,"orthographic":false}