{"cameraMode":{"drawMode":0,"name":"Shaded","section":"Shading Mode"},"sceneLighting":false,"audioPlay":false,"sceneViewState":{"showFog":true,"showMaterialUpdate":false,"showSkybox":false,"showFlares":true,"showImageEffects":true,"showParticleSystems":true},"in2DMode":false,"pivot":{"x":14.52724838256836,"y":-2.9131369590759279,"z":-12.423404693603516},"rotation":{"x":0.11580469459295273,"y":0.7193797826766968,"z":-0.12946262955665589,"w":0.6744804978370667},"size":18.15583038330078,"orthographic":false}