{"cameraMode":{"drawMode":0,"name":"Shaded","section":"Shading Mode"},"sceneLighting":false,"audioPlay":false,"sceneViewState":{"showFog":true,"showMaterialUpdate":false,"showSkybox":true,"showFlares":true,"showImageEffects":true,"showParticleSystems":true},"in2DMode":false,"pivot":{"x":5.355778217315674,"y":-8.927254676818848,"z":-2.535801410675049},"rotation":{"x":0.1371801644563675,"y":0.850439727306366,"z":-0.40734976530075076,"w":0.3050406277179718},"size":11.220849990844727,"orthographic":false}