{"cameraMode":{"drawMode":0,"name":"Shaded","section":"Shading Mode"},"sceneLighting":true,"audioPlay":false,"sceneViewState":{"showFog":true,"showMaterialUpdate":false,"showSkybox":false,"showFlares":true,"showImageEffects":true,"showParticleSystems":true},"in2DMode":false,"pivot":{"x":-1.362391471862793,"y":-0.8137063980102539,"z":0.06120109558105469},"rotation":{"x":-0.11144166439771652,"y":0.8879138231277466,"z":-0.2870246171951294,"w":-0.3425748646259308},"size":13.467144012451172,"orthographic":false}