{"cameraMode":{"drawMode":0,"name":"Shaded","section":"Shading Mode"},"sceneLighting":false,"audioPlay":false,"sceneViewState":{"showFog":true,"showMaterialUpdate":false,"showSkybox":false,"showFlares":true,"showImageEffects":true,"showParticleSystems":true},"in2DMode":false,"pivot":{"x":-0.27364540100097659,"y":8.025583267211914,"z":1.5689940452575684},"rotation":{"x":0.017949938774108888,"y":-0.0785747766494751,"z":0.0021311980672180654,"w":-0.9983309507369995},"size":50.94607162475586,"orthographic":false}