{"cameraMode":{"drawMode":0,"name":"Shaded","section":"Shading Mode"},"sceneLighting":false,"audioPlay":false,"sceneViewState":{"showFog":true,"showMaterialUpdate":false,"showSkybox":false,"showFlares":true,"showImageEffects":true,"showParticleSystems":true},"in2DMode":false,"pivot":{"x":-0.8390693664550781,"y":8.35270881652832,"z":1.080317497253418},"rotation":{"x":0.010206382721662522,"y":-0.22826701402664185,"z":-0.0027389838360249998,"w":0.975191056728363},"size":52.243194580078128,"orthographic":false}