{"cameraMode":{"drawMode":0,"name":"Shaded","section":"Shading Mode"},"sceneLighting":false,"audioPlay":false,"sceneViewState":{"showFog":true,"showMaterialUpdate":false,"showSkybox":true,"showFlares":true,"showImageEffects":true,"showParticleSystems":true},"in2DMode":false,"pivot":{"x":114.96607208251953,"y":-5.480041980743408,"z":-18.85527992248535},"rotation":{"x":-0.3259555697441101,"y":0.6762028932571411,"z":-0.4095389246940613,"w":-0.5194578170776367},"size":11.220849990844727,"orthographic":false}