{"cameraMode":{"drawMode":0,"name":"Shaded","section":"Shading Mode"},"sceneLighting":true,"audioPlay":false,"sceneViewState":{"showFog":true,"showMaterialUpdate":false,"showSkybox":false,"showFlares":true,"showImageEffects":true,"showParticleSystems":true},"in2DMode":false,"pivot":{"x":-184.1721954345703,"y":-66.55850982666016,"z":-84.2261962890625},"rotation":{"x":-0.09139388054609299,"y":0.8092917203903198,"z":-0.11725551635026932,"w":-0.5717980265617371},"size":239.9022216796875,"orthographic":false}