{"cameraMode":{"drawMode":0,"name":"Shaded","section":"Shading Mode"},"sceneLighting":false,"audioPlay":false,"sceneViewState":{"showFog":true,"showMaterialUpdate":false,"showSkybox":false,"showFlares":true,"showImageEffects":true,"showParticleSystems":true},"in2DMode":false,"pivot":{"x":28.80516815185547,"y":7.446441173553467,"z":-21.363737106323243},"rotation":{"x":-0.03383795544505119,"y":-0.9015944600105286,"z":0.08059781044721604,"w":-0.4273797571659088},"size":66.95125579833985,"orthographic":false}